x1,x2,x3,x4,x5,x6,x7,x8,x9,x10,x11,y                                                                                                                                                                                                                                                                                                                                   
0,0,0,0,0,0,0,0,0,0,0,1.01733852446336                                                                                                                                                                          
0.18036329,0.5530847386,0.9108214,0.41353062,0.405700812,0.233341354,0.669479197,0.94644705,0.867777837,0.76599497,0.860293,-0.329435424295497                                                                  
0.57331779,0.4507110355,0.60068644,0.72486245,0.286695326,0.854732534,0.775841412,0.16229347,0.72898735,0.99466848,0.26355552,1.09960243883653                                                                  
0.78071083,0.2636299,0.09160597,0.14520979,0.22762235,0.638167098,0.197161719,0.74434267,0.053692749,0.71563248,0.48188565,2.62030984458821                                                                     
0.26647853,0.3239989143,0.56326423,0.99983494,0.894328191,0.512056717,0.346278908,0.91265563,0.818188792,0.3329826,0.50121392,0.407108815474131                                                                 
0.86908486,0.2245098478,0.7951619,0.37622884,0.050261477,0.317111488,0.208442766,0.5659444,0.783106648,0.37283646,0.251536,0.403457298013776                                                                    
0.04457036,0.7443885839,0.70829659,0.74237835,0.358011197,0.975707008,0.563318591,0.46152293,0.142497862,0.13663095,0.37359301,1.35260401883607                                                                 
0.65059764,0.948407805,0.31920984,0.67994864,0.784298349,0.888915982,0.496287259,0.62343571,0.920090977,0.7850552,0.10536194,1.16445273822658                                                                   
0.4939326,0.407586826,0.53451422,0.91986004,0.148147129,0.481883082,0.109389231,0.14090231,0.215885711,0.10227295,0.01940692,2.0982715190834                                                                    
0.47172799,0.5275382597,0.55377417,0.24148733,0.104258683,0.290581025,0.079443654,0.36232042,0.515057387,0.93162258,0.94184467,0.768090892013653                                                                
0.82491047,0.9601660501,0.44863238,0.48866432,0.680910732,0.901593629,0.041483571,0.33957657,0.389381526,0.15838759,0.04589908,1.9037798877894                                                                  
0.55833923,0.6576008222,0.15157147,0.02174868,0.008730686,0.21071523,0.704649296,0.80455966,0.688196494,0.47653213,0.81608816,0.569030985247                                                                    
0.91850289,0.6817011613,0.82305939,0.19124692,0.70529355,0.34055211,0.977870678,0.96216536,0.221647569,0.35400106,0.62350763,0.674801310842148                                                                  
0.10661137,0.5115751261,0.01355304,0.82981127,0.609764439,0.792880393,0.846518224,0.5402217,0.465121471,0.48385583,0.93386368,0.735690662666722                                                                 
0.81257164,0.8749919535,0.76948147,0.79652698,0.639067626,0.437410746,0.784996051,0.99281798,0.359058585,0.8737938,0.42775392,2.22454750437846                                                                  
0.92508187,0.0980874749,0.68854939,0.778319,0.316828063,0.704743948,0.823160078,0.50142877,0.326521666,0.95387113,0.72159213,0.841284403067814                                                                  
0.25604846,0.1158795877,0.93923331,0.33805107,0.765057797,0.079042375,0.371651319,0.03496292,0.421426901,0.67631537,0.2305862,0.592622397933034                                                                 
0.03148987,0.6319125045,0.36790483,0.86652882,0.195833705,0.650664543,0.444174998,0.35306291,0.139186607,0.89181017,0.39829236,1.49447126197029                                                                 
0.32905501,0.4638739482,0.49672478,0.22535368,0.914125259,0.674061267,0.006121786,0.12855497,0.299309269,0.20143008,0.76591412,0.853336572439365                                                                
0.60123698,0.5803964821,0.34122022,0.92297056,0.647976097,0.150103708,0.947271137,0.0471973,0.8967209,0.72851346,0.52878649,1.01717176267175                                                                    
0.88189932,0.9978059219,0.72994504,0.13563969,0.523167246,0.160211967,0.311753682,0.24829628,0.53704213,0.4315709,0.6768854,0.492073255476745                                                                   
0.98978175,0.6184922944,0.33501706,0.42583689,0.464124622,0.523855459,0.339534771,0.70766157,0.03368362,0.27743918,0.1548019,0.770171786280636                                                                  
0.96228679,0.3455556148,0.10452112,0.35138186,0.169838589,0.462011697,0.983281293,0.21933162,0.416577416,0.53893882,0.88302412,0.0154604534171742                                                               
0.7087948,0.8385762837,0.46836597,0.30118011,0.828754404,0.373471393,0.037308192,0.89697255,0.826954948,0.74741463,0.28982895,1.32424660282911                                                                  
0.53268447,0.7099958723,0.40666166,0.70764584,0.062575683,0.940611721,0.082458746,0.65507041,0.904865582,0.2211592,0.70038446,0.684938589161404                                                                 
0.68253525,0.1959185565,0.24593835,0.56747741,0.873307374,0.591249752,0.238681156,0.31801554,0.258455816,0.80881676,0.99080258,2.59706216162381                                                                 
0.58326439,0.068745706,0.50335207,0.81316834,0.360966408,0.720408296,0.863454486,0.68586678,0.957251535,0.5438545,0.19410908,0.739240263047236                                                                  
0.07541369,0.8840998631,0.43984185,0.21262554,0.573557956,0.456588381,0.930407205,0.60850246,0.105561274,0.40625433,0.21097468,0.976408158092314                                                                
0.22971693,0.1733164229,0.98669718,0.04988068,0.481158392,0.833537923,0.470843814,0.87701842,0.163721695,0.29708819,0.69858106,0.825541363212768                                                                
0.29667856,0.7739043353,0.80855863,0.58083153,0.022105629,0.690587931,0.60151243,0.29846218,0.067096513,0.39707627,0.9162172,1.52174903194897                                                                   
0.66322482,0.9204536979,0.19735066,0.27280084,0.447514084,0.864340591,0.69706222,0.01297796,0.309079473,0.84840737,0.645386,2.09090856827419                                                                    
0.72085379,0.8571431897,0.65836064,0.96786087,0.961780713,0.601972849,0.758455755,0.3978842,0.719494515,0.30882189,0.74993835,2.0128336828687                                                                   
0.77875963,0.2972482752,0.26723344,0.63468136,0.591721974,0.119745515,0.135813669,0.18799941,0.977831869,0.16040177,0.46073444,1.25265545891116                                                                 
0.40194178,0.3678306788,0.39232974,0.65677006,0.426184007,0.268014712,0.886650416,0.93431111,0.575990186,0.08009813,0.09455458,0.689385448515702                                                                
0.20671737,0.2528830087,0.88533555,0.84676476,0.332726575,0.083300349,0.291815945,0.23396178,0.093247798,0.19023359,0.84392698,1.68048446033603                                                                 
0.51427309,0.9088025522,0.66492108,0.44475699,0.083664862,0.041189802,0.25063322,0.11656388,0.999863712,0.59904407,0.35763477,0.13060226820242                                                                  
0.85919114,0.4382259823,0.05507197,0.09913371,0.803827521,0.389936202,0.640953698,0.45019434,0.677029751,0.02623954,0.31229629,0.480045915831449                                                                
0.7462289,0.3073690322,0.7401695,0.46865051,0.258117278,0.754337213,0.910474144,0.27356289,0.365319976,0.06847081,0.44768886,2.32434965239679                                                                   
0.01746384,0.666165612,0.28301097,0.69652292,0.558709289,0.004447519,0.399255594,0.7984157,0.183594651,0.4416533,0.41477305,1.26221937820292                                                                    
0.14869285,0.147319514,0.16203443,0.16076615,0.12803327,0.557685343,0.409818092,0.09281871,0.540145274,0.56208867,0.06181407,0.114862072859163                                                                  
0.63177254,0.0008962346,0.84942445,0.61655668,0.951965924,0.192497314,0.157719787,0.83275814,0.644273036,0.68264226,0.79359824,1.62036303662596                                                                 
0.37500601,0.021760145,0.22095776,0.29934709,0.758491449,0.985066483,0.62636799,0.84375019,0.630345525,0.97358329,0.60737053,0.289784256162979                                                                  
0.25045826,0.829793,0.001125908,0.79628541,0.92631745,0.149740258,0.554572126,0.75353819,0.48102139,0.546820918,0.180101294,0.831979321769825                                                                   
0.43037916,0.348043144,0.60372789,0.94605458,0.49672792,0.730366242,0.573824802,0.01410273,0.68622231,0.160375878,0.021015612,0.846255147539029                                                                 
0.38974155,0.777647215,0.349664705,0.55008301,0.45270134,0.080833889,0.192364519,0.16101801,0.01457613,0.694377415,0.661883087,1.82673095802667                                                                 
0.14064251,0.510270434,0.898129511,0.71772278,0.34517131,0.37156356,0.953313528,0.71962818,0.70329891,0.377471429,0.249942171,0.163714566276048                                                                 
0.89391729,0.864579905,0.452711472,0.58269676,0.05261695,0.453036561,0.989411837,0.36962291,0.45288509,0.451150831,0.568977671,0.784264883990038                                                                
0.52236883,0.40912506,0.177866555,0.39294482,0.18384956,0.522291245,0.415727192,0.08044366,0.05763184,0.123517684,0.127027159,1.98231959223021                                                                  
0.46351354,0.734707363,0.758590527,0.82296323,0.9664712,0.03422729,0.610633082,0.47420737,0.46093773,0.515275939,0.324180604,1.27961986714022                                                                   
0.75869548,0.389845617,0.680586361,0.61324569,0.37422168,0.191228098,0.441029939,0.11812854,0.94501649,0.988223458,0.107728544,1.33188642683067                                                                 
0.44310119,0.306961526,0.310847638,0.97176462,0.23303624,0.174909346,0.801082064,0.8669592,0.51936371,0.8099918,0.984955828,1.16641172072401                                                                    
0.57426647,0.553781431,0.584120536,0.3309538,0.94736354,0.404789643,0.928559843,0.68348513,0.28414003,0.939641562,0.834388541,1.67282388541014                                                                  
0.94594745,0.249295814,0.334525045,0.09517001,0.16838574,0.774292132,0.651084756,0.3162598,0.36753114,0.640195008,0.005244794,0.0599258442018661                                                                
0.61552398,0.499896226,0.125933643,0.41786674,0.29218259,0.347712932,0.434672925,0.5826383,0.03217748,0.069897105,0.978773269,2.5276571098413                                                                   
0.17994299,0.105236528,0.575473848,0.53623132,0.60549934,0.903323234,0.627129956,0.05050671,0.23199086,0.899720582,0.905328135,1.04714206215306                                                                 
0.99994666,0.989994159,0.383082368,0.02793793,0.75945231,0.396046475,0.733304983,0.19145163,0.58640145,0.291542815,0.472957079,-0.733068800277967                                                               
0.85714209,0.337429074,0.484494218,0.98538673,0.51258454,0.797188744,0.460841078,0.95501175,0.62147022,0.774445332,0.06515688,1.39070877909689                                                                  
0.34409113,0.375786724,0.849256149,0.69973159,0.90421018,0.683343408,0.063119823,0.51236915,0.3232222,0.004872164,0.637512786,1.28830645745127                                                                  
0.62438829,0.292072235,0.739344226,0.04135943,0.27239697,0.920951093,0.085906125,0.63097073,0.76100345,0.263908923,0.484484904,0.798852311335461                                                                
0.19033083,0.589072299,0.048305633,0.13638811,0.89933515,0.307991938,0.242784362,0.32562151,0.64465251,0.844384803,0.879408286,-0.0809751506770557                                                              
0.97793116,0.087020696,0.719549358,0.42893179,0.00405459,0.007915906,0.316049728,0.65429086,0.74029447,0.392817462,0.444130249,-0.583434934337161                                                               
0.70068082,0.170978734,0.839798615,0.93232401,0.87662136,0.741738294,0.677063825,0.77322637,0.41557995,0.634858355,0.931736998,2.56814754230788                                                                 
0.06188279,0.959655704,0.36903918,0.49919862,0.65745741,0.947902872,0.789774821,0.83158283,0.42625303,0.729285171,0.276094163,0.553887016544646                                                                 
0.05123938,0.039691974,0.953530026,0.26227656,0.46555858,0.580156267,0.511917737,0.15105316,0.56257004,0.489090511,0.292742353,0.12057287526483                                                                 
0.77168899,0.454550487,0.259303163,0.80521966,0.56375809,0.886146481,0.277140922,0.02732527,0.25444161,0.751184888,0.532642514,2.86813520526269                                                                 
0.37982684,0.462657248,0.469400403,0.01967888,0.77393914,0.259441773,0.359312149,0.97189382,0.52745388,0.08973112,0.315149615,0.279365289742608                                                                 
0.12951089,0.921845388,0.622064814,0.28722276,0.104382,0.874088328,0.718522082,0.54625963,0.07816913,0.116904281,0.556415067,1.12014923982555                                                                   
0.73304702,0.852015356,0.523231346,0.19266173,0.99295923,0.834112462,0.157685089,0.43402243,0.66237502,0.469541517,0.800383641,1.57285602887727                                                                 
0.78812474,0.811137579,0.800783841,0.11390704,0.32792713,0.513969608,0.838048978,0.38490779,0.1304478,0.956706262,0.717559355,2.37036123406137                                                                  
0.9282819,0.781838246,0.939794148,0.56611071,0.3803311,0.296992281,0.361614994,0.85704112,0.91108486,0.301491394,0.232760578,-0.436044574300179                                                                 
0.01441179,0.622135029,0.905671229,0.8857739,0.30254601,0.606824569,0.390922462,0.34336015,0.97710874,0.567283733,0.739191768,-0.152536895561595                                                                
0.82023442,0.667192812,0.874135487,0.14502086,0.6959146,0.842783262,0.688195615,0.2883032,0.10607006,0.184609814,0.213546335,2.15553641431997                                                                   
0.81165683,0.146921232,0.987648568,0.75395989,0.43251353,0.213697475,0.05839699,0.93088008,0.08696174,0.672989405,0.641311658,2.90985448503204                                                                  
0.1014955,0.125505423,0.181760566,0.23245788,0.5556661,0.473311349,0.76765222,0.67618365,0.2063757,0.431477495,0.053469215,0.803115544547195                                                                    
0.03128292,0.197062086,0.547547903,0.31159428,0.09004389,0.103949576,0.486591037,0.60283755,0.61986952,0.41963553,0.791843206,0.0505555104066276                                                                
0.54789993,0.563961836,0.034901984,0.73530858,0.1486701,0.122412161,0.847563183,0.41212667,0.72732556,0.228347214,0.147743304,0.967858547106994                                                                 
0.59018782,0.230744124,0.651088876,0.16686837,0.80802228,0.061013692,0.520609488,0.79092166,0.99246078,0.973216341,0.437934905,0.24603286507299                                                                 
0.09882792,0.430406822,0.068246224,0.85213325,0.25414517,0.571920153,0.216236171,0.99156473,0.86872791,0.342426875,0.756667774,0.0994613262882534                                                               
0.26509335,0.690819462,0.157500287,0.46874771,0.06917292,0.321023914,0.167046396,0.23358862,0.89459059,0.537890259,0.771778827,-0.20417505803266                                                                
0.40320947,0.610989234,0.284468194,0.65438133,0.83646597,0.983991178,0.239702492,0.52078248,0.78409665,0.052074069,0.516774592,0.403964134162327                                                                
0.28107631,0.007523866,0.429123075,0.62191544,0.8455506,0.62035846,0.964020985,0.45854299,0.93368883,0.204889031,0.356436105,-0.260559308596997                                                                 
0.31024015,0.976516392,0.761414273,0.44410369,0.72663639,0.420074675,0.914259971,0.2792817,0.3133043,0.02113682,0.698096026,0.896032249411551                                                                   
0.5106436,0.521365107,0.974346408,0.36986342,0.03728371,0.48999332,0.025863197,0.12504885,0.18614577,0.705208802,0.380054044,1.69884112159118                                                                   
0.86679896,0.707754726,0.275377528,0.90474287,0.70386812,0.808594814,0.895158112,0.73685815,0.39986415,0.142393659,0.584910485,1.51168395371746                                                                 
0.23467025,0.654106999,0.511829627,0.51271224,0.41103867,0.670404269,0.001708493,0.88556888,0.16470538,0.839176644,0.851534097,1.29676418079893                                                                 
0.32534843,0.901383109,0.233104888,0.67194132,0.59245498,0.65053092,0.139226617,0.56072677,0.84589451,0.876547139,0.363318006,0.171092978052278                                                                 
0.65525194,0.264442206,0.672354112,0.34270431,0.13807837,0.966742191,0.746887294,0.49386567,0.82513942,0.915904809,0.893185718,1.06838174460121                                                                 
0.68313674,0.885835873,0.781808104,0.76341485,0.67509794,0.263568496,0.583178281,0.21120782,0.81438605,0.334268265,0.953693859,1.58875655129627                                                                 
0.21584549,0.756492234,0.406032493,0.25964716,0.63654491,0.043131998,0.283391948,0.06454059,0.26096149,0.79534881,0.098281176,0.810161098564839                                                                 
0.66254919,0.042696248,0.084152696,0.20770013,0.78029189,0.222558149,0.335950975,0.2437032,0.55392932,0.247335652,0.605707378,1.57019419088159                                                                  
0.48554375,0.077619608,0.206275827,0.86550776,0.2059021,0.717680497,0.101638369,0.80226273,0.14788736,0.580933872,0.174422265,2.14776031486333                                                                  
0.90943393,0.200738343,0.113655816,0.06899903,0.53421676,0.555571171,0.861412924,0.90281717,0.34299136,0.608302988,0.419251774,0.452238063889554                                                                
0.077256098,0.173982885,0.0808538596,0.891804516,0.741566263,0.363238663,0.75554797,0.578068635,0.24511836,0.234729672,0.866419599,1.23101542248806                                                             
0.774689356,0.433613087,0.3222827612,0.613917398,0.863667507,0.951797588,0.58597497,0.029841829,0.97265202,0.468553515,0.251622001,1.18601611255456                                                             
0.312415523,0.605672646,0.7680685668,0.961534126,0.313028297,0.03673284,0.41206181,0.250827788,0.82545826,0.539012029,0.938004857,0.396149362336026                                                             
0.587715298,0.271681983,0.420278804,0.053688337,0.041197989,0.283611542,0.17483722,0.281317462,0.61036149,0.717965439,0.012884866,0.906527625782651                                                             
0.437806337,0.138194725,0.1993183388,0.604250023,0.243653491,0.606485906,0.51839216,0.742312228,0.64905051,0.005109645,0.619746874,0.667402850236906                                                            
0.943058364,0.692787564,0.3858219827,0.420932304,0.83418862,0.062952218,0.61444394,0.100798995,0.71487166,0.358402036,0.687719968,-0.345763063713788                                                            
0.040811516,0.597495081,0.4061475482,0.750672008,0.38986995,0.973444166,0.12048348,0.22356011,0.75576308,0.656484683,0.28678076,0.2340114690059                                                                 
0.840422793,0.81583532,0.1193257993,0.226337503,0.146708153,0.145765223,0.87082608,0.966478257,0.7915962,0.555536758,0.309064192,0.595279199619661                                                              
0.192284891,0.467447728,0.0945481575,0.077163299,0.153385869,0.130060072,0.50091304,0.399953641,0.95215504,0.399922176,0.926667907,-0.754575054247088                                                           
0.639479978,0.268309694,0.9898959087,0.275528188,0.463085679,0.334520364,0.72548066,0.917774208,0.08778381,0.806825735,0.906108407,2.4085518560191                                                              
0.888336973,0.681763524,0.2633249077,0.952953689,0.784221828,0.851903284,0.01207823,0.64478666,0.41648855,0.458608656,0.009310032,1.47421265107661                                                              
0.608032635,0.870254892,0.613837592,0.47139925,0.534738938,0.702335367,0.00133933,0.725181118,0.84999879,0.191925701,0.487830681,0.961891871316047                                                              
0.502908476,0.200997956,0.7866237568,0.151340343,0.299247427,0.804832629,0.25388935,0.271026505,0.22332104,0.996926761,0.438203896,1.36848369035873                                                             
0.067679023,0.386206599,0.1095508339,0.689562933,0.522544576,0.832021949,0.31835892,0.415680009,0.29844787,0.301023227,0.955916228,1.05716699283245                                                             
0.425433817,0.025565576,0.1481160831,0.706814947,0.957520088,0.782956837,0.21803487,0.186070251,0.39977366,0.136828872,0.750208667,1.28095522681273                                                             
0.285975258,0.230792508,0.6072650654,0.800047361,0.345690195,0.314718642,0.55069778,0.775575814,0.32514946,0.93564881,0.139757678,1.18901523978153                                                              
0.295500923,0.656258195,0.0705142774,0.188427582,0.063546007,0.84126911,0.81995087,0.312724044,0.90155969,0.475719752,0.337729332,-0.481569397580829                                                            
0.533420809,0.256890397,0.5864244745,0.30106139,0.289607644,0.124935503,0.28828246,0.040296282,0.43878258,0.227218758,0.736835571,1.20377318470353                                                              
0.792845438,0.852158328,0.7425291616,0.860008352,0.918881129,0.685741871,0.53332544,0.561144671,0.34695534,0.345218001,0.215637304,2.53800806813469                                                             
0.023729067,0.96992868,0.5654705766,0.16905587,0.699943305,0.619786448,0.88538214,0.144211021,0.69170966,0.33838926,0.523464084,-0.240217014011597                                                              
0.617929558,0.582940859,0.4571429214,0.990638809,0.111902471,0.071580864,0.5974078,0.335727591,0.66799349,0.514935758,0.191158594,1.72057203081436                                                              
0.233525908,0.08594333,0.2914291561,0.875255779,0.514645844,0.116576605,0.98989691,0.89060073,0.60720069,0.4318611,0.186865457,0.513410879412468                                                                
0.965289071,0.459785026,0.4682322278,0.538865255,0.777181121,0.246673208,0.70155645,0.211227618,0.99556805,0.564238183,0.368600468,-0.988835118672427                                                           
0.744523724,0.376037036,0.5773496886,0.354687432,0.638553849,0.866289283,0.77159813,0.039754352,0.04067478,0.013350396,0.606498076,2.9061950360097                                                              
0.714821339,0.099689329,0.3560926756,0.174153305,0.667313208,0.251509352,0.34180495,0.927777757,0.3360764,0.526111624,0.239177903,2.17997443076631                                                              
0.761737853,0.299359478,0.3685059253,0.397747101,0.970368007,0.891067383,0.05290828,0.697217687,0.48105787,0.176640302,0.469012675,2.10354637478498                                                             
0.179004811,0.048942415,0.0253372333,0.406183055,0.703715149,0.410734034,0.35952749,0.150862376,0.50338777,0.960255344,0.812531511,0.4321789350418                                                              
0.220888014,0.317128845,0.5948460963,0.198865955,0.717582977,0.161789677,0.16181582,0.300361633,0.81728559,0.110130187,0.119727841,-0.341526421566136                                                           
0.680924416,0.843621877,0.9959347666,0.281096056,0.434444026,0.211442834,0.99124848,0.664144476,0.65079276,0.647439829,0.292933954,1.47798433136978                                                             
0.55277535,0.765268333,0.1881866803,0.062641381,0.030520018,0.044843522,0.08134694,0.492495451,0.57479547,0.410699446,0.206225213,0.808676527679287                                                             
0.699614753,0.973442682,0.5271383133,0.637532551,0.327971149,0.151116365,0.56858428,0.672004991,0.20407426,0.158047085,0.893298543,2.77233211287722                                                             
0.249959047,0.63453989,0.251882459,0.83954325,0.277053577,0.589605419,0.96891217,0.623170594,0.49955233,0.031323054,0.796577358,0.727998938381496                                                               
0.457132838,0.398226945,0.6294004273,0.717063174,0.945681352,0.261046489,0.23605956,0.377447987,0.85912933,0.741961269,0.87474099,0.461909455154021                                                             
0.623698058,0.701584609,0.842232574,0.69800035,0.611419778,0.659819321,0.86383018,0.238165831,0.92775687,0.687311648,0.788100592,0.941525622476351                                                              
0.411166621,0.126153153,0.5314692817,0.130339815,0.685200561,0.643254284,0.92164889,0.138677501,0.40082949,0.498817894,0.022160224,0.676609819106188                                                            
0.856749767,0.940802012,0.1357335059,0.509650743,0.136034959,0.432956418,0.22330589,0.060836132,0.76147238,0.368279952,0.648584519,0.743001595441308                                                            
0.366276503,0.670335907,0.1608201299,0.824095238,0.227068322,0.998055474,0.45668159,0.472757375,0.37773856,0.661916238,0.940638753,1.24292363386358                                                             
0.951902876,0.981879664,0.9356696701,0.888446076,0.203301186,0.014708843,0.33583556,0.199160855,0.47304491,0.607097082,0.58311336,0.525244415266424                                                             
0.468807044,0.999427529,0.214003604,0.384061513,0.120448532,0.484429664,0.62927323,0.552324497,0.67854069,0.913579401,0.993148937,0.507806755184154                                                             
0.672987026,0.01510683,0.1521076876,0.762598866,0.059898158,0.384892826,0.60641136,0.765571216,0.21345735,0.549202005,0.978531881,2.73927866435116                                                              
0.907889748,0.820805214,0.4428559562,0.519683403,0.883188208,0.541802215,0.65611703,0.442665203,0.06574746,0.957314309,0.445456057,1.38929011171549                                                             
0.017680664,0.483423665,0.3919916718,0.569009415,0.64743265,0.304219562,0.43215812,0.888575454,0.89048668,0.271241108,0.745311663,-0.269576822155612                                                            
0.122891896,0.889420336,0.2893631025,0.622536698,0.103956142,0.820064598,0.32492532,0.429945553,0.27684437,0.218199032,0.125071998,1.05522364666946                                                             
0.116369017,0.15821362,0.9778474542,0.902780818,0.796121023,0.572879609,0.95638193,0.835644643,0.17331039,0.633457763,0.471586088,1.34301257537864                                                              
0.651132104,0.213161288,0.5129640191,0.81379677,0.481582575,0.349722483,0.90249984,0.12255091,0.72598668,0.145309251,0.820332427,1.57268716620061                                                               
0.895642453,0.932346996,0.8562487697,0.089436709,0.734656624,0.099573612,0.30211127,0.529595147,0.09871677,0.703390402,0.145620791,1.13968817543002                                                             
0.516672386,0.556061195,0.9121647153,0.120861544,0.989743183,0.441194947,0.9494229,0.436132524,0.55963409,0.089376444,0.310420326,0.698257685672293                                                             
0.030327407,0.740928369,0.7744485184,0.778048607,0.769724423,0.727197196,0.24262277,0.542871202,0.07152176,0.737309246,0.91109747,1.60301356315193                                                              
0.801229901,0.062064231,0.7103026802,0.141265835,0.004950007,0.229980663,0.03500249,0.465155147,0.12215052,0.403644184,0.241040101,2.34065894013915                                                             
0.476770525,0.610427843,0.9440661582,0.04917413,0.070833368,0.671008502,0.78669588,0.658326363,0.86901959,0.259606173,0.855906796,-0.128607139446267                                                            
0.276406167,0.928219915,0.0539709564,0.460721526,0.085316869,0.396708281,0.42977693,0.298735929,0.23601312,0.10687646,0.6294067,1.08674034329688                                                                
0.520596345,0.327131184,0.4786023011,0.846101335,0.425777046,0.461554067,0.19325661,0.345226841,0.94779277,0.781435782,0.090962452,0.645839754943013                                                            
0.7856624,0.443770971,0.5451262024,0.729928019,0.405389487,0.590494908,0.64941852,0.249887334,0.01655025,0.88727956,0.966207691,3.11071366632863                                                                
0.910622253,0.338846967,0.9024103851,0.310627173,0.752519659,0.920490677,0.27445324,0.014624761,0.44320065,0.293827457,0.833629154,0.472426544842474                                                            
0.834984039,0.162536272,0.812948436,0.482319882,0.300670728,0.292316077,0.13412507,0.598423711,0.77923008,0.620304862,0.533345651,0.981095722527338                                                             
0.181483503,0.507861984,0.4303030607,0.455853752,0.191641827,0.933256968,0.93307676,0.076785058,0.153651,0.837144013,0.655705301,1.10035305130909                                                               
0.995078032,0.900478015,0.1774940877,0.202165781,0.504694663,0.948059538,0.49254345,0.482865476,0.14613444,0.095827743,0.775078595,0.314878947041536                                                            
0.3201398,0.034986232,0.8936864207,0.418353021,0.814709452,0.197879291,0.44211906,0.328705931,0.2858283,0.878497626,0.227144124,1.00824237322389                                                                
0.738536292,0.07258161,0.2437886533,0.557362696,0.876707513,0.35814296,0.10395092,0.176158337,0.05443412,0.209995537,0.260245384,3.1506833010327                                                                
0.82211475,0.792573349,0.3416752779,0.98944687,0.214016754,0.879434484,0.84177014,0.736547029,0.87486149,0.82439812,0.372014166,1.21491950036139                                                                
0.096276746,0.71578123,0.8366922884,0.295595438,0.264631432,0.108395256,0.09525362,0.166944369,0.96021011,0.573964635,0.707873814,-0.59539468001968                                                             
0.058013042,0.772764012,0.9217010417,0.111159435,0.351372148,0.762992045,0.3836846,0.265232702,0.35855617,0.378551254,0.545609906,0.408168948063212                                                             
0.708725416,0.667652185,0.3148408177,0.586987481,0.398658738,0.477720021,0.07655356,0.944050192,0.16201813,0.619000389,0.763229754,2.92612735316385                                                             
0.167506437,0.626413055,0.0388326893,0.254367623,0.675178531,0.732873568,0.46439629,0.613737705,0.11525063,0.324415153,0.275573375,1.06082210326822                                                             
0.333647814,0.514782545,0.6503997318,0.329759807,0.17016506,0.203799719,0.15780467,0.950997135,0.59428395,0.06439274,0.676543519,0.354954776613244                                                              
0.937849181,0.228187989,0.820725192,0.525371064,0.234793038,0.174020492,0.47425429,0.112503668,0.00210036,0.249069579,0.638559661,1.23477165959533                                                              
0.573192272,0.243569475,0.6341557521,0.732425098,0.185890374,0.982180072,0.74105729,0.712187356,0.62548913,0.76516202,0.514391509,1.32054027118663                                                              
0.863743435,0.428921159,0.873174266,0.36739099,0.362207266,0.797379708,0.89240064,0.536990204,0.98945663,0.028915081,0.396611107,-0.0167358037778484                                                            
0.399866492,0.958610653,0.2742148853,0.268076489,0.569414789,0.56634184,0.52844078,0.864758211,0.93720577,0.793861803,0.159667358,-0.289659565970797                                                            
0.664555186,0.562845835,0.4825963017,0.794409756,0.655076357,0.53054822,0.83874682,0.704739515,0.80216185,0.070701904,0.88363457,1.49065273693259                                                               
0.923019899,0.40651429,0.4143699062,0.336961744,0.472241356,0.628501776,0.57202563,0.982059508,0.53987183,0.589694095,0.981719598,0.131018381898802                                                             
0.250692517,0.180849553,0.1233486932,0.239016753,0.928626183,0.638992206,0.73251782,0.854825817,0.88686174,0.904625651,0.566310708,-0.458343184480248                                                           
0.213808334,0.528239749,0.8659051095,0.101039744,0.589161932,0.455769289,0.18819639,0.089485244,0.6370996,0.850000191,0.596298834,-0.0771470102866987                                                           
0.440673296,0.806270824,0.6736720756,0.445339685,0.894404846,0.91599748,0.29397215,0.503635177,0.83510451,0.895427767,0.496406407,0.203437713028391                                                             
0.263326585,0.354270056,0.7376990956,0.668264009,0.379053853,0.270874298,0.04183821,0.8194728,0.38031921,0.167893661,0.168649063,1.04227212141491                                                               
0.346189626,0.285165242,0.3776079029,0.026142109,0.014942479,0.510499441,0.68456632,0.202015611,0.36233566,0.121807296,0.034304421,0.547719990439174                                                            
0.380829969,0.720949769,0.5543057535,0.21913745,0.591241159,0.235565904,0.6717315,0.993990605,0.52951223,0.8668585,0.808059248,0.432034542123666                                                                
0.542103513,0.546065403,0.7943336364,0.656547085,0.448674467,0.962247987,0.0281152,0.783783254,0.30852669,0.771092708,0.559655691,1.87807806978407                                                              
0.131382003,0.912371289,0.3063035421,0.549180564,0.904148464,0.753915671,0.69499773,0.909534594,0.42388814,0.048206273,0.049455809,0.640433828508098                                                            
0.569874869,0.119498538,0.201787076,0.644040909,0.995745579,0.057886854,0.82303867,0.515280239,0.25445986,0.922878453,0.667606863,1.96050376575339                                                              
0.088073753,0.106336858,0.0431154676,0.938872869,0.556250458,0.69379367,0.26327232,0.799646902,0.18111911,0.266399261,0.065228711,1.5340024549045                                                               
0.484328373,0.418793728,0.8032734816,0.493060018,0.096281384,0.749330911,0.91817304,0.002551633,0.31959898,0.506998962,0.504562832,1.32118081284885                                                             
0.37261736,0.144299045,0.9645999587,0.374571021,0.828827167,0.5214506,0.20174796,0.820117536,0.46366712,0.483851692,0.056648422,0.723695094801555                                                               
0.815797323,0.309031315,0.8836468849,0.946368573,0.540205746,0.498723214,0.54401494,0.756552417,0.56805172,0.050756226,0.42017642,1.95717507142405                                                              
0.591865501,0.895035988,0.9567756634,0.675593655,0.572115895,0.817218784,0.76083013,0.401313056,0.19584893,0.694814749,0.107279936,2.22600238725393                                                             
0.307533386,0.361360279,0.700022058,0.097969885,0.727843469,0.665727862,0.66906601,0.973572198,0.9146125,0.28368092,0.357953374,-0.557967020053243                                                              
0.140826844,0.002995078,0.6658753763,0.349961118,0.027225126,0.554021776,0.71704992,0.588650121,0.54181328,0.727678571,0.384739363,0.255594469528937                                                            
0.208571376,0.785105083,0.0003769307,0.439777102,0.934068707,0.886059837,0.37976088,0.387817847,0.68550246,0.753521639,0.717691735,0.113342032470177                                                            
0.72038884,0.83417232,0.2207796591,0.033465309,0.415929513,0.322828481,0.39877782,0.873050644,0.10460188,0.847236035,0.414899567,2.52716862246749                                                               
0.645536229,0.758869362,0.6901577328,0.973247091,0.854126559,0.508034944,0.06861488,0.053682083,0.78263938,0.313306965,0.690271204,1.78741498634595                                                             
0.339039979,0.065129582,0.9952168652,0.470043109,0.5124637045,0.796667203,0.43367896,0.163589896,0.65686916,0.559653451,0.142290578,0.340039752709897                                                           
0.38366925,0.694968545,0.9562470755,0.648433996,0.0777021284,0.438781029,0.536488654,0.999445736,0.09833965,0.071898286,0.760759947,1.67143164852837                                                            
0.54717669,0.708990555,0.9415909504,0.990925437,0.1139857329,0.734444732,0.846498322,0.427864057,0.70942935,0.547305266,0.039001681,1.18833586531454                                                            
0.472862927,0.440155855,0.8352771724,0.344366964,0.5636151944,0.299680694,0.089836036,0.571641685,0.02253492,0.954217037,0.24387656,1.85368237639429                                                            
0.28579928,0.006525359,0.7917766968,0.622606675,0.767098467,0.36573386,0.9504565,0.317019528,0.9833834,0.259963109,0.256538158,-0.355691338749929                                                               
0.553262846,0.217997802,0.1459393905,0.742923756,0.2480576809,0.021130641,0.809317029,0.806747752,0.22472995,0.747604974,0.456486718,2.00782952988472                                                           
0.755570378,0.116842568,0.2601563098,0.574338913,0.4159006149,0.8954758,0.889626988,0.666601991,0.59706711,0.110277611,0.840840219,1.92514691206087                                                             
0.452582982,0.895242515,0.4705209094,0.878285195,0.8280041849,0.845493528,0.015251482,0.830235383,0.72865609,0.476303163,0.19819018,0.913765468721039                                                           
0.042391818,0.360458483,0.1348265425,0.389362681,0.1356549313,0.125020091,0.597232434,0.458389227,0.43031838,0.992169297,0.687378585,0.482189613361089                                                          
0.621654463,0.900822471,0.2054827166,0.465767564,0.91268567,0.030189482,0.048252355,0.728413574,0.48401865,0.415503694,0.465303751,1.76100457107991                                                             
0.020321365,0.503337431,0.4036333753,0.807994772,0.6867698717,0.871217065,0.696889782,0.332688205,0.89883929,0.18893631,0.673424641,-0.139531112947438                                                          
0.615330316,0.321285273,0.6211435258,0.760129593,0.1625150706,0.777135526,0.239045866,0.922402108,0.80029374,0.244332021,0.078037785,1.33694862451966                                                           
0.466634974,0.148336739,0.270749717,0.963364134,0.0277963615,0.624650676,0.742526043,0.974137048,0.76495775,0.78986978,0.634001473,0.766909286756019                                                            
0.580422814,0.792133257,0.4538693022,0.105656131,0.23971269,0.27281855,0.406338443,0.01325209,0.96905651,0.404790005,0.475872997,0.195140271895676                                                              
0.5601569,0.848564991,0.5976137914,0.400787401,0.3841841885,0.786287537,0.006913197,0.551445078,0.23665931,0.061875861,0.596078777,1.85984646298606                                                             
0.931563223,0.620769136,0.2343126476,0.931927194,0.5058629805,0.511186376,0.281231298,0.328354665,0.93186517,0.294824587,0.528012639,-0.15866512662095                                                          
0.94137987,0.408394409,0.5338571538,0.752845347,0.0329707495,0.850397756,0.601488642,0.419487854,0.62006036,0.946126081,0.901669014,0.133300162358775                                                           
0.516809192,0.873031397,0.7413204496,0.504942305,0.3632457149,0.757739035,0.981576091,0.632677689,0.88343925,0.085969977,0.781935784,0.319576816173163                                                          
0.91433341,0.084860655,0.2907216305,0.272301233,0.352217494,0.64418721,0.653431274,0.128464762,0.66976835,0.985836897,0.397566828,-0.0899200737628929                                                           
0.878681337,0.935433457,0.1263987488,0.659664019,0.4098019903,0.500156293,0.551677335,0.730875042,0.2103115,0.461822658,0.836287839,1.61445891756702                                                            
0.238989188,0.250201058,0.5529333383,0.985950342,0.3083390695,0.419328071,0.454938304,0.145744979,0.11372367,0.375315505,0.23780204,1.74036510091086                                                            
0.736814244,0.999673557,0.3439105632,0.175032044,0.9096761869,0.4457932,0.896115433,0.716468169,0.74941313,0.603524713,0.731849037,1.34565596026466                                                             
0.535349016,0.194349303,0.7060937882,0.221566253,0.6619884953,0.280276233,0.927789506,0.274956337,0.91786577,0.735677279,0.882678702,0.133868433471136                                                          
0.345168967,0.515082655,0.4274585438,0.58355876,0.7876197109,0.163262412,0.711173881,0.798868051,0.81252466,0.903223928,0.028225978,0.0845713643160451                                                          
0.523344309,0.209438237,0.070942157,0.773399431,0.8698140652,0.929900511,0.947637001,0.478283469,0.42745432,0.330660504,0.361931074,1.45718395018315                                                            
0.676876504,0.434674557,0.0373487843,0.038322149,0.5955429418,0.180535873,0.762469082,0.354029419,0.75542453,0.347190227,0.95736342,1.08018059073586                                                            
0.324727537,0.388760377,0.6602989525,0.697485507,0.0003018811,0.086959231,0.428108103,0.648407802,0.32366047,0.103165052,0.427096797,1.18005746649534                                                           
0.579644665,0.040118204,0.5025116959,0.709674184,0.7543502417,0.988706185,0.344835073,0.435618992,0.6853734,0.898726272,0.862567293,1.29824605686061                                                            
0.685858792,0.860059499,0.5186236562,0.068978004,0.1014297279,0.537201455,0.813045925,0.76497147,0.39016149,0.860698099,0.386135726,1.86871822130398                                                            
0.761284552,0.456721422,0.4167693395,0.49606063,0.422390449,0.39339096,0.991750021,0.784348874,0.05829134,0.79087454,0.980218024,2.90875489398176                                                               
0.662286783,0.569929212,0.0465766927,0.420612433,0.1261590013,0.523234075,0.904544442,0.256925097,0.27201801,0.041447365,0.60313236,2.25376294442668                                                            
0.359258636,0.353666575,0.9095576536,0.854242833,0.7768055989,0.147141205,0.487748681,0.265906245,0.07956727,0.454752009,0.565263264,1.84230501855017                                                           
0.124830227,0.473545389,0.1137661063,0.113198642,0.89954403,0.071450934,0.264360332,0.247796475,0.35658392,0.583590468,0.208386054,0.439130182664828                                                            
0.862995374,0.295855384,0.5766450184,0.122929796,0.2274548556,0.865279706,0.687008439,0.961153325,0.60792298,0.380733278,0.551731903,0.586587724423711                                                          
0.255525087,0.944688951,0.3201429664,0.529635263,0.0607134702,0.558099001,0.243046773,0.189865448,0.19973853,0.438367868,0.755295284,1.23059970173572                                                           
0.279337203,0.181563843,0.917389957,0.219647663,0.4556445906,0.309892936,0.876868144,0.860542933,0.56218168,0.495636199,0.014318866,0.196928658645982                                                           
0.158486967,0.951260234,0.8430610086,0.596882955,0.1572491571,0.479896874,0.30535304,0.197471682,0.86676635,0.273226704,0.87908225,-0.124852762127742                                                           
0.430828658,0.313212962,0.1706188479,0.01849079,0.537043347,0.351618422,0.210253345,0.207914743,0.5461844,0.012660363,0.702782602,0.360715494300305                                                             
0.142335928,0.737919265,0.6107424073,0.255160635,0.1998961067,0.70676226,0.142134315,0.028078455,0.71372578,0.879014861,0.718448326,-0.131209748495709                                                          
0.409933744,0.961967113,0.4424128502,0.071833053,0.6420601469,0.37913544,0.447798862,0.460734982,0.90626306,0.268576282,0.044243155,-0.36876024499882                                                           
0.694814786,0.746335631,0.2119162717,0.414516576,0.3112563023,0.836529333,0.628474763,0.540313067,0.94500697,0.854577059,0.18574459,1.08001495950124                                                            
0.182929618,0.584875174,0.2485106841,0.906568873,0.7391652231,0.426756908,0.823899615,0.875518382,0.44207707,0.030495563,0.699124389,0.875572833375236                                                          
0.054191772,0.802509532,0.2281335577,0.667792397,0.4924230208,0.237072319,0.912046234,0.599306124,0.57483358,0.629430655,0.093362386,0.362813332572396                                                          
0.301001231,0.675267301,0.8525545385,0.095757669,0.5856976926,0.229897887,0.512472593,0.213125144,0.64353845,0.84855537,0.051372569,-0.0216230951083503                                                         
0.648771053,0.545389886,0.6060414717,0.841824801,0.615346409,0.954892533,0.63561317,0.942663286,0.12637046,0.979472233,0.435279283,2.84176839896412                                                             
0.207863535,0.88535072,0.8129016775,0.16192433,0.3498359337,0.261508461,0.835010422,0.068436602,0.14400425,0.687845292,0.540148835,0.930036449145686                                                            
0.988021997,0.373721247,0.8039803652,0.243255663,0.6019326794,0.820692471,0.222314895,0.772369606,0.79559788,0.560923478,0.342442117,-0.905445392527993                                                         
0.117713164,0.394270585,0.3037993615,0.200971207,0.2625161646,0.595976038,0.178942462,0.745565331,0.1583796,0.577170826,0.979809787,0.921630347281146                                                           
0.800095969,0.308300436,0.4972163991,0.393935466,0.2872020609,0.156115676,0.70655887,0.280199391,0.78282806,0.174703001,0.133254115,1.19074214596744                                                            
0.018038547,0.970763549,0.6380025151,0.895360347,0.5734665882,0.480776317,0.370768864,0.826463543,0.8367525,0.32483044,0.163589717,0.141590079670426                                                            
0.821026503,0.6617657,0.0001860287,0.817083882,0.0474570027,0.74106185,0.093441608,0.093056541,0.63692374,0.721649509,0.774872708,1.76209123058927                                                              
0.073361915,0.343230981,0.4312866297,0.839048918,0.9496329282,0.383598538,0.068935775,0.582317145,0.17251316,0.96861684,0.668063314,1.50819335421723                                                            
0.508477243,0.054640036,0.4643346871,0.603738025,0.708585127,0.20319504,0.03246116,0.893154451,0.37727122,0.368809016,0.937427643,1.5407411769955                                                               
0.313146872,0.722836292,0.1045310533,0.880102704,0.6766664449,0.116444651,0.33817795,0.033384502,0.36322118,0.65695929,0.623262408,1.26771198652191                                                             
0.977221078,0.487981268,0.1864400356,0.486771708,0.8359240418,0.884343416,0.589779046,0.514311891,0.33915886,0.769374618,0.283523565,0.232362243306278                                                          
0.291375844,0.922337862,0.3353244248,0.73808269,0.0578699785,0.68528223,0.025616527,0.753787466,0.7367712,0.831064345,0.617147299,0.431328044417171                                                             
0.449647171,0.827264982,0.5484083841,0.539248987,0.8748537158,0.964605728,0.935581536,0.819727547,0.55674662,0.771072727,0.995880694,0.766182179283206                                                          
0.375306629,0.523729327,0.4813502228,0.911348105,0.9366134023,0.325495402,0.780509518,0.080522427,0.18466701,0.124173478,0.853871281,1.63259153605417                                                           
0.21457392,0.177944977,0.0571103808,0.358789889,0.3707255824,0.765109153,0.383326954,0.611916272,0.69276476,0.134586472,0.226410448,0.0287442663369057                                                          
0.606266589,0.023219935,0.9671247357,0.923835144,0.2064301628,0.615012149,0.617620466,0.177998537,0.5867062,0.597566496,0.584056221,1.75603140755421                                                            
0.787282203,0.985329212,0.884721767,0.281339543,0.9666772702,0.999356927,0.578239627,0.405825847,0.41606538,0.44223861,0.331794346,1.95046485335451                                                             
0.415995025,0.687183178,0.7208271852,0.727840233,0.8461755408,0.192975829,0.193226419,0.529258877,0.99114807,0.003915528,0.892104352,0.101230775824744                                                          
0.960484607,0.416046377,0.8792885764,0.268746319,0.6324045175,0.545575945,0.736515916,0.05815841,0.01483274,0.154635286,0.269575782,0.789620641137065                                                           
0.030436516,0.426759424,0.6447356186,0.156494572,0.3947768887,0.047962855,0.777385217,0.701960852,0.45536539,0.536378766,0.912370875,0.231521451066993                                                          
0.650583277,0.169310991,0.0203976169,0.294199498,0.7122718663,0.665809162,0.460662023,0.006707804,0.50822683,0.235913451,0.304104853,1.66254104559002                                                           
0.134591031,0.631568978,0.7893490239,0.005983371,0.8824299366,0.459104467,0.754348754,0.370120478,0.06012661,0.050564044,0.512450849,0.939608793718945                                                          
0.705204946,0.858996027,0.5823835473,0.866451873,0.0965634693,0.179837818,0.569456122,0.855640816,0.10323318,0.93729683,0.276459529,3.18171968467212                                                            
0.423691862,0.83831807,0.8259699278,0.823587285,0.742850708,0.630209126,0.328869753,0.073001691,0.51618015,0.48702368,0.965826277,1.12932001546902                                                              
0.852659591,0.079729587,0.7634008389,0.780368539,0.9582704238,0.466135146,0.126739259,0.380682573,0.77507501,0.190479426,0.411645473,1.0419074290327                                                            
0.160862464,0.461245928,0.890317983,0.040305067,0.0875237245,0.588646993,0.851290626,0.365682655,0.38646693,0.220819957,0.294982647,0.325232235981649                                                           
0.170262475,0.104945364,0.3855578783,0.447196005,0.1894051772,0.945001009,0.079265903,0.485113477,0.13912327,0.647555468,0.352802452,1.22949999073365                                                           
0.225534442,0.123746203,0.2565493079,0.182228404,0.9703819738,0.816311322,0.133540083,0.290816311,0.67183673,0.827994045,0.310964739,-0.058045010456227                                                         
0.882357518,0.097035919,0.9733666933,0.339454584,0.3385931245,0.496018336,0.353664685,0.670072981,0.97878331,0.509556919,0.720151316,-0.222434076674568                                                         
0.634154545,0.495176581,0.1922842338,0.318578955,0.996493466,0.717144407,0.256232878,0.695398462,0.61193098,0.52346372,0.945946956,1.40285372817573                                                             
0.839155762,0.243759853,0.0912514673,0.943600238,0.8139457212,0.56215101,0.187270747,0.495579695,0.29563637,0.164271799,0.37300284,2.32280643896982                                                             
0.929354215,0.815657871,0.0809265376,0.371017667,0.2580183837,0.335049731,0.728674305,0.986182254,0.34857793,0.428717144,0.066409518,0.463108439280411                                                          
0.905126309,0.644505585,0.862560491,0.43548606,0.726170657,0.318687097,0.15664629,0.682396925,0.49584761,0.284029352,0.219721003,0.561289858501578                                                              
0.365189491,0.530694888,0.6859750048,0.686242273,0.6934422963,0.919111157,0.976840006,0.109958169,0.25461246,0.662440415,0.502207831,1.26240890812633                                                           
0.993207188,0.605800845,0.6557550482,0.231348675,0.6504531089,0.345369165,0.169922341,0.157157017,0.46280176,0.918954164,0.80114148,-0.263803494376395                                                          
0.391824683,0.916586507,0.3160740352,0.516538268,0.2117725788,0.400043075,0.960926579,0.044413843,0.84693011,0.674554071,0.123687294,0.0147174014767538                                                         
0.489915611,0.651755092,0.6909375856,0.194599271,0.9825469416,0.676302787,0.418035759,0.60245438,0.31247942,0.09630472,0.088129283,1.17064529979774                                                             
0.72553594,0.331398142,0.3617549348,0.145254528,0.2997096443,0.092107243,0.107874679,0.887737079,0.47532417,0.610852174,0.815811239,1.89994002876768                                                            
0.595397834,0.769139701,0.9390499447,0.718020938,0.9273039379,0.139022717,0.527517514,0.449863517,0.535925,0.756390088,0.577730746,1.65250316041267                                                             
0.241773405,0.014181617,0.5284990897,0.633149059,0.4361003321,0.019232832,0.364125172,0.391299633,0.92697699,0.695218707,0.448065409,-0.16255251835552                                                          
0.26430414,0.266041626,0.6700670222,0.087922832,0.2762410616,0.938458523,0.27646545,0.116626447,0.52632018,0.300853861,0.532670422,0.168639792014144                                                            
0.098163013,0.277046508,0.9801156689,0.45745728,0.4420466179,0.697113314,0.297370617,0.659864771,0.9554867,0.025580935,0.643940627,-0.456195614147921                                                           
0.104337225,0.136706494,0.7314597929,0.558105631,0.5483034571,0.069339765,0.399784517,0.840888873,0.16817147,0.216273605,0.741586662,1.19625914812902                                                           
0.713910902,0.590714854,0.9298802194,0.676303921,0.1474704288,0.579911689,0.49577419,0.229078702,0.04123627,0.818111993,0.654309116,3.18472094751311                                                            
0.194979768,0.786344881,0.3518699872,0.973099652,0.1728943709,0.722514145,0.506932493,0.533909235,0.26014339,0.145454534,0.175173887,1.38949225525027                                                           
0.749843266,0.153960332,0.0697219128,0.798199217,0.5566788286,0.210629261,0.640921772,0.504408824,0.03635823,0.3163851,0.922808076,3.27784201083548                                                             
0.237387005,0.878068231,0.084318078,0.18741703,0.668426248,0.511935317,0.4537537519,0.968134588,0.562310832,0.857352409,0.0403482935,0.157263677733817                                                          
0.126197391,0.96138549,0.886114451,0.43242258,0.691180346,0.547027387,0.0882199621,0.818657383,0.576080083,0.802806947,0.0144970422,0.325109246355667                                                           
0.887895855,0.448552342,0.577979608,0.53735191,0.961021438,0.876594821,0.9025697438,0.147774983,0.265338116,0.008182063,0.5358317124,1.22349061577734                                                           
0.994089792,0.462052122,0.962954328,0.27351652,0.649308002,0.859176791,0.4742737495,0.374815824,0.712260056,0.578477531,0.6960459922,-0.753726434297416                                                         
0.505827492,0.74084529,0.077455066,0.85851975,0.412542046,0.25833114,0.0323271067,0.525535765,0.968158549,0.600817557,0.9671502349,0.601214018319909                                                            
0.837399929,0.138002747,0.267986254,0.5694006,0.196281874,0.157311154,0.2461703599,0.048186165,0.33929181,0.152991814,0.3076550255,1.89547167506991                                                             
0.68999705,0.002455428,0.437241066,0.91948443,0.711648004,0.317584066,0.5458321455,0.857911841,0.332683773,0.529386975,0.593136792,2.7203100448233                                                              
0.047996256,0.366413719,0.781586451,0.58898305,0.440865531,0.780097221,0.5667172095,0.838337396,0.02050221,0.333453218,0.7653150173,1.47054433051487                                                            
0.811341998,0.85052816,0.250479474,0.51278387,0.211754662,0.225623215,0.6310476175,0.55720027,0.353978356,0.942182693,0.0001770286,2.0572765292051                                                              
0.469222981,0.331087892,0.922784455,0.93446357,0.801169794,0.592928409,0.2083652148,0.76059947,0.811876441,0.670103976,0.157845083,0.805818734704481                                                            
0.871515673,0.779362225,0.627748737,0.47190247,0.015285602,0.495418712,0.5941008479,0.60690747,0.048038715,0.067644956,0.4981830985,1.87437468704905                                                            
0.743764176,0.264248736,0.912585672,0.24497653,0.100989285,0.577519317,0.4267758302,0.003286674,0.107289577,0.172339722,0.6337127013,2.71245235692759                                                           
0.098408481,0.702494152,0.150756417,0.23934522,0.473178875,0.812934052,0.8564708716,0.21039753,0.540571675,0.947410117,0.8228441995,0.131020657549282                                                           
0.32347559,0.905434206,0.013127722,0.66704802,0.036768893,0.28739344,0.2139563726,0.534380916,0.122503357,0.387223728,0.6704921819,1.59896113957181                                                             
0.389481379,0.676182175,0.635554952,0.10124944,0.462625875,0.879143748,0.8216992139,0.334007735,0.885770119,0.974619252,0.267214244,-0.356973560271474                                                          
0.233016837,0.11566277,0.846949915,0.22181428,0.568702701,0.421489531,0.52584537,0.250853334,0.747200773,0.2994595,0.1162303171,-0.190964370089118                                                              
0.110523948,0.164801392,0.991326991,0.15542401,0.202126401,0.624141381,0.1230149452,0.38532945,0.314961496,0.510338114,0.6825511927,0.560581740358647                                                           
0.165284216,0.967752319,0.671337669,0.66528719,0.743398488,0.483559558,0.6217703374,0.802978858,0.253392427,0.82105748,0.9086832921,1.10388185413202                                                            
0.423864866,0.991087121,0.026437126,0.4995234,0.632616272,0.672691008,0.0773940382,0.088559401,0.464255202,0.907078709,0.7747836636,0.976213003553806                                                           
0.79637332,0.524671201,0.893076811,0.74939612,0.137796261,0.556395794,0.9648449442,0.112135925,0.415198973,0.092387941,0.5843846573,2.18700525155342                                                            
0.221991776,0.016767809,0.177870028,0.45351663,0.317758847,0.653923455,0.4094678501,0.058832821,0.545942944,0.831891537,0.943915866,0.411657663709357                                                           
0.678200819,0.944706274,0.409778235,0.98796658,0.288050805,0.754697642,0.0964908998,0.353382311,0.187265838,0.436321815,0.5318647462,3.14794568999452                                                           
0.722827981,0.867827907,0.867611756,0.35111999,0.503167118,0.064340927,0.3980985645,0.457504239,0.732045655,0.986100336,0.6160432966,1.55245229657747                                                           
0.890890792,0.511301936,0.728652848,0.68067211,0.881497403,0.714805787,0.3594194156,0.929924268,0.589571747,0.330804671,0.8427102853,0.750997844316045                                                          
0.268475801,0.554393609,0.708328863,0.7999083,0.533815087,0.117675525,0.9693697677,0.159863288,0.637601249,0.76769734,0.189010014,0.438117309971332                                                             
0.594899469,0.559617047,0.354493042,0.95346046,0.260594752,0.350351789,0.110253231,0.878662296,0.149135589,0.74343609,0.3467570701,2.73811124212424                                                             
0.133490135,0.696708384,0.286599771,0.16798797,0.934642114,0.967196499,0.6540286303,0.228103442,0.501517109,0.428011412,0.8519963742,0.179618046338594                                                          
0.121949475,0.094664772,0.52884028,0.76663813,0.584078488,0.305818969,0.63642293,0.476829086,0.979233271,0.036785264,0.4731636512,-0.286786529271488                                                            
0.571165714,0.685438335,0.835485527,0.6554778,0.239528064,0.144030886,0.8354009419,0.658841175,0.796623165,0.650251952,0.063376821,0.88597385196147                                                             
0.295380322,0.306354983,0.466886935,0.84527074,0.749535515,0.04989894,0.370609174,0.782659163,0.484769443,0.694919578,0.9497034535,0.962673443207059                                                            
0.580059779,0.349022525,0.909892179,0.33814684,0.792043994,0.809844326,0.6828219293,0.798269666,0.685487913,0.315010406,0.0287142523,0.93149656804324                                                           
0.040125372,0.730306827,0.865829052,0.47874927,0.76180788,0.070204439,0.3441636197,0.741556613,0.468332154,0.656927398,0.7192563389,0.511364927859579                                                           
0.529765983,0.794531393,0.603086453,0.46180384,0.614403379,0.149710665,0.8876843717,0.290568954,0.226608443,0.274510473,0.088835065,1.67109499928184                                                            
0.965243365,0.820864639,0.521431269,0.16100626,0.165648388,0.742134118,0.2866612144,0.216571638,0.665729793,0.031503797,0.8078592541,-0.606003588958256                                                         
0.923841577,0.626199864,0.116664373,0.28695943,0.028920398,0.638294808,0.9518043322,0.566880254,0.623808099,0.34650843,0.5703701152,-0.118880858716045                                                          
0.076235452,0.912170044,0.331065865,0.93239945,0.68728416,0.586763816,0.4443687292,0.417112542,0.532300423,0.105854424,0.1000728563,0.772893611101685                                                           
0.646059265,0.719484673,0.793747614,0.62113949,0.864281671,0.90919147,0.8316831952,0.952282821,0.170075147,0.913924611,0.8195219966,2.53141899014365                                                            
0.565181172,0.432771403,0.480055479,0.13696045,0.093842212,0.686226293,0.991844431,0.494985935,0.078773184,0.596129081,0.5536273628,1.89566668459635                                                            
0.520399818,0.239293462,0.618509124,0.05852982,0.63437949,0.506838896,0.6575525839,0.921433924,0.006858051,0.960910603,0.2527037948,1.7770871869653                                                             
0.625821932,0.374420059,0.752169075,0.72387253,0.383656125,0.603577886,0.8889695965,0.875676221,0.112148024,0.394746257,0.2872060905,2.59557820984712                                                           
0.492197843,0.17840007,0.933585388,0.19757761,0.923107572,0.3586972,0.5134850198,0.480769999,0.28203521,0.554066737,0.8997319818,1.23384995733452                                                               
0.904118649,0.592506744,0.176190661,0.52546494,0.905952906,0.847903968,0.7390808474,0.694410193,0.606521471,0.720765946,0.4636298105,0.346104358330265                                                          
0.375240838,0.567018879,0.976249042,0.60632325,0.166973394,0.208362217,0.5598765764,0.678185802,0.992285822,0.192727825,0.9868062991,-0.170210836779667                                                         
0.409390683,0.928619951,0.648794822,0.0784334,0.340489107,0.335745929,0.2716596388,0.285863657,0.941894175,0.060199009,0.3333957819,-0.432627270227381                                                          
0.983640311,0.484384548,0.384935005,0.22646991,0.898561525,0.52925313,0.7142463225,0.191070544,0.027444434,0.878451654,0.2890350655,0.601064907493156                                                           
0.462964135,0.586100975,0.504890307,0.87082078,0.769302193,0.94774689,0.8673206004,0.898685984,0.945651035,0.518476357,0.4079966817,0.287882844834457                                                           
0.857221836,0.760710994,0.299014435,0.81842685,0.277245764,0.456401626,0.9279672993,0.673497939,0.767257441,0.225248258,0.1818535569,0.840038129225282                                                          
0.751601749,0.614205905,0.770760573,0.09590308,0.728146968,0.913019839,0.9778843367,0.259827146,0.700938445,0.23715405,0.1469391583,1.37140108789442                                                            
0.152455687,0.066554729,0.492314229,0.32771149,0.818922926,0.322723506,0.9206838265,0.552651694,0.95770472,0.896946544,0.1700410219,-0.616760276443046                                                          
0.608507447,0.284318487,0.004066397,0.6337953,0.450057616,0.290178012,0.7741098985,0.745452261,0.890149529,0.134925551,0.6582045211,0.900073175714188                                                           
0.847284407,0.03998438,0.12272013,0.55155602,0.522339981,0.244209207,0.3251530863,0.718665691,0.860052473,0.253095987,0.2336742569,0.694936879777914                                                            
0.915620252,0.392925772,0.734311192,0.29325604,0.002141921,0.469199813,0.2295101129,0.270761404,0.693538114,0.451959624,0.3829299492,-0.0995547235394548                                                        
0.781056684,0.380399782,0.307269299,0.71926742,0.30111761,0.978980754,0.2412051807,0.622384998,0.236107972,0.417442971,0.9558955656,2.78715087265916                                                            
0.197064806,0.933728241,0.194839464,0.07598337,0.985261885,0.266789834,0.6753513764,0.12419751,0.216214379,0.726246646,0.507172856,0.717730837532934                                                            
0.285564136,0.748043627,0.226518499,0.58153598,0.067006512,0.440454431,0.7627681118,0.392862297,0.066007388,0.759173072,0.8863741254,1.4860265149892                                                            
0.028339348,0.049491587,0.576888225,0.55819833,0.48402764,0.723015985,0.7071313649,0.768127565,0.43971499,0.838152009,0.6308507881,0.581051796080284                                                            
0.343084817,0.502539087,0.109335892,0.99951873,0.044671276,0.997201624,0.2647949737,0.329575694,0.36091148,0.364317741,0.2575778297,1.44260927289775                                                            
0.211107487,0.150332025,0.136859117,0.04925028,0.609215767,0.773923841,0.4139195541,0.042550869,0.822523381,0.677939345,0.4338984877,-0.503695305982454                                                         
0.715699091,0.985518113,0.215994757,0.69806829,0.085298846,0.693641652,0.5012627491,0.732435362,0.805787537,0.488638979,0.9144622654,1.67492443677316                                                           
0.434445088,0.439848884,0.945520526,0.70042564,0.372548851,0.759554058,0.539790322,0.430012423,0.917889655,0.997355177,0.8645908684,0.199944840559187                                                           
0.640502734,0.269394707,0.396421477,0.78697593,0.846855884,0.793497933,0.0546597749,0.938846602,0.868773596,0.555561286,0.6499716896,1.40298124916763                                                           
0.185441727,0.665744018,0.818969072,0.01074838,0.178873805,0.182034207,0.7536289595,0.589060488,0.611450641,0.469439224,0.9963994662,-0.133625121391288                                                         
0.354199688,0.110279381,0.537216368,0.04085034,0.366525286,0.666295346,0.785556143,0.849957973,0.855245934,0.410174726,0.605547768,-0.413010629496057                                                           
0.54946006,0.081450759,0.206447763,0.82492358,0.32667484,0.709429196,0.8021421287,0.093758865,0.492122987,0.612109694,0.7508494321,1.52464550262377                                                             
0.479059953,0.340317578,0.979591239,0.9777408,0.390722416,0.408372453,0.3076632202,0.025611219,0.035596305,0.539447291,0.4289901791,2.40416174662883                                                            
0.613031585,0.491712149,0.375089944,0.02419576,0.58954989,0.021119742,0.6077061844,0.701629867,0.928757304,0.640171037,0.5589006909,0.38031213968987                                                            
0.011472742,0.608915812,0.593498103,0.88046138,0.149964557,0.081037097,0.3201752043,0.360672525,0.395733345,0.493846141,0.2240436587,1.02318087247049                                                           
0.416717923,0.028605481,0.432894357,0.4401916,0.407965118,0.093612476,0.4954500933,0.445872789,0.070763746,0.221032199,0.0542287841,1.63276993419325                                                            
0.543265159,0.41614167,0.04139679,0.90656929,0.824693066,0.831676901,0.1785722679,0.403959191,0.375846241,0.055435397,0.4872403813,1.9567342134515                                                              
0.447104481,0.534020544,0.052096761,0.36488752,0.232047413,0.388034546,0.1380630307,0.981180124,0.836008857,0.304083765,0.3669721451,0.158401327390991                                                          
0.083717669,0.889944065,0.760351321,0.39844007,0.518054063,0.94054331,0.061983832,0.634206978,0.788579409,0.21041447,0.7840958356,-0.15145515491529                                                             
0.662860703,0.24987875,0.550873041,0.73357556,0.780592491,0.898824556,0.0430217678,0.502458539,0.194624414,0.180924361,0.0895714385,2.82902023423788                                                            
0.83257849,0.223492661,0.412810774,0.95667787,0.97407853,0.448888563,0.8549660088,0.140956339,0.58602079,0.376567998,0.3900399636,1.64594084314758                                                              
0.170130353,0.771552665,0.31864058,0.50423464,0.841518075,0.963506172,0.7930081288,0.070242827,0.647726347,0.576355282,0.3306990284,0.158332598526426                                                           
0.940761506,0.840380261,0.238600817,0.63018233,0.664798227,0.029978767,0.3784217792,0.436719935,0.160272084,0.164177036,0.1302686701,0.996949941186122                                                          
0.702602124,0.856964029,0.260305216,0.41681193,0.059664086,0.220313268,0.4604537551,0.01466965,0.736133186,0.465090634,0.5161348346,1.55052615973637                                                            
0.952859005,0.190702437,0.832907397,0.37667289,0.424661435,0.372330189,0.1576969431,0.903863512,0.408620725,0.779606903,0.4112076789,0.202536334844307                                                          
0.009541204,0.297452049,0.159947125,0.80238797,0.289777032,0.129757162,0.7256968527,0.173234416,0.513002996,0.264126519,0.8728294154,0.618440147229599                                                          
0.672380271,0.472064962,0.098180436,0.12674841,0.246090971,0.254675388,0.1983823277,0.649153117,0.290856857,0.867929952,0.7040997431,2.07518203656888                                                           
0.057935895,0.32037698,0.334011235,0.38014371,0.565935775,0.007121504,0.5872645942,0.110461731,0.095891904,0.704861258,0.2068577183,1.15049879522484                                                            
0.970491625,0.124013789,0.716636131,0.01161707,0.498473132,0.618198966,0.4824485371,0.300288427,0.303240404,0.849678599,0.3135918732,-0.0472361523770852                                                        
0.805500494,0.822696551,0.363898367,0.31596149,0.99557255,0.19097233,0.6937899383,0.581957941,0.910594171,0.124076322,0.7301500263,0.832905177144724                                                            
0.265888017,0.077088681,0.691400621,0.11405197,0.34505201,0.392470582,0.1113343147,0.962490214,0.425568562,0.011761971,0.0677160876,0.404258740209125                                                           
0.7599049,0.801078767,0.449092208,0.30542469,0.920645399,0.423496373,5.45177e-05,0.513809729,0.676225705,0.922833073,0.7440034584,1.63600919174083                                                              
0.302923641,0.648176317,0.681478697,0.21059313,0.947932727,0.172109629,0.2945742145,0.319458086,0.140639107,0.111263788,0.9305839343,1.10016406382212                                                           
0.319215607,0.17459616,0.05885464,0.77601559,0.54913487,0.535796571,0.9439133727,0.61736147,0.386357576,0.280480173,0.2130617684,0.993982566255885                                                              
0.359347285,0.410661743,0.457417819,0.25836544,0.112954773,0.043794522,0.0145775246,0.238774862,0.210484693,0.795542068,0.7917418162,1.11285795372088                                                           
0.776189936,0.636793836,0.811023252,0.84212984,0.875715144,0.109942282,0.3491504502,0.992323921,0.277074509,0.08532625,0.4502444613,2.81983645478436                                                            
0.386138304,0.209702133,0.559276209,0.40784737,0.70521624,0.931596453,0.1453629456,0.832561189,0.446489542,0.749386761,0.3587768506,0.827041321018024                                                           
0.247001863,0.215940471,0.660310349,0.89332005,0.133024252,0.836079986,0.1678270416,0.18510722,0.761929686,0.623301716,0.1367587022,0.450472115182123                                                           
